Capital_Receipts,Aggregate_Receipts,Social_Sector_Expenditure,Interest_Payments,Own_Tax_Revenues,Fiscal_Deficits,Outstanding_Liabilities,Aggregate_Expenditure,Revenue_Receipts,Revenue_Expenditure,Revenue_Deficits,Capital_Expenditure,Nominal_GSDP_Series
325.0,1590.0,532.0,81.7,582.0,222.1,81.5,1610.0,1265.0,1161.0,-104.0,449.0,8191.0
187.0,709.0,171.0,30.0,66.0,-27.4,43.41,758.0,522.0,357.0,-165.0,401.0,2516.0
702.0,1690.0,452.0,107.1,277.0,335.8,106.33,1791.0,988.0,929.0,-59.0,862.0,7353.0
345.0,1370.0,406.0,68.6,531.0,246.5,80.76,1442.0,1025.0,903.0,-122.0,539.0,7427.0
116.0,576.0,137.0,37.0,234.0,112.0,30.76,607.0,460.0,401.0,-59.0,207.0,3386.0
41.0,333.0,106.0,10.0,34.0,-34.9,13.29,338.0,292.0,188.0,-104.0,150.0,794.0
163.0,421.0,125.0,33.0,38.0,144.5,33.58,428.0,258.0,273.0,15.0,154.0,1186.0
308.0,1262.0,348.0,62.4,475.0,225.9,58.98,1302.0,954.0,895.0,-59.0,407.0,6210.0
140.0,780.0,391.0,45.6,337.0,179.8,49.83,855.0,640.0,668.0,28.0,188.0,4286.0
354.0,1488.0,397.0,77.4,386.0,337.2,77.77,1590.0,1134.0,1016.0,-118.0,573.0,7788.0
519.0,2557.0,754.0,110.3,1130.0,463.3,128.78,2613.0,2038.0,1917.0,-121.0,696.0,16631.0
42.0,153.0,41.0,4.6,3.0,-6.7,3.9,159.0,111.0,71.0,-41.0,88.0,218.0
3.0,93.0,30.0,1.4,5.0,-7.7,2.18,102.0,90.0,60.0,-30.0,42.0,200.0
30.0,174.0,38.0,3.3,4.0,-26.3,4.09,164.0,144.0,92.0,-52.0,73.0,119.0
249.0,870.0,274.0,50.3,132.0,134.1,51.56,877.0,621.0,541.0,-81.0,336.0,3708.0
196.0,764.0,252.0,62.1,349.0,159.8,70.71,817.0,568.0,550.0,-18.0,267.0,5025.0
247.0,1000.0,323.0,79.8,230.0,206.7,65.8,1120.0,753.0,688.0,-65.0,432.0,4637.0
4.0,41.0,9.0,0.4,3.0,5.6,1.42,43.0,37.0,30.0,-7.0,13.0,52.0
420.0,1700.0,506.0,91.1,639.0,210.4,70.44,1686.0,1280.0,1152.0,-128.0,534.0,8081.0
13.0,136.0,49.0,3.1,4.0,-9.1,5.17,143.0,123.0,87.0,-36.0,56.0,286.0
704.0,2603.0,821.0,157.4,645.0,551.4,197.6,2668.0,1899.0,1716.0,-183.0,952.0,15554.0
366.0,1458.0,592.0,108.9,514.0,289.2,88.57,1552.0,1092.0,1115.0,23.0,437.0,10345.0
323.0,1789.0,613.0,96.8,703.0,243.7,94.54,1831.0,1466.0,1386.0,-80.0,445.0,10041.0
202.0,568.0,176.0,42.0,90.0,171.7,46.58,618.0,366.0,402.0,36.8,215.0,3228.0
468.0,1628.0,598.0,97.8,338.0,409.1,117.77,1871.0,1160.0,1167.0,7.0,704.0,8562.0
364.0,1524.0,472.0,81.7,661.0,253.9,93.61,1565.0,1160.0,1039.0,-120.3,526.0,9253.0
130.0,666.0,173.0,45.6,291.0,101.6,34.71,696.0,536.0,486.0,-50.5,211.0,3911.0
26.0,260.0,113.0,12.4,42.0,56.6,14.92,297.0,234.0,212.0,-21.8,84.0,925.0
243.0,542.0,134.0,30.9,60.0,135.9,38.08,548.0,299.0,296.0,-2.3,252.0,1361.0
282.0,1449.0,400.0,70.8,607.0,118.0,62.71,1409.0,1167.0,1002.0,-164.3,406.0,7169.0
150.0,1001.0,424.0,57.1,374.0,61.7,58.33,1086.0,851.0,755.0,-96.0,331.0,4610.0
307.0,1651.0,456.0,101.7,476.0,237.5,88.03,1677.0,1344.0,1115.0,-229.3,562.0,8564.0
654.0,3040.0,847.0,146.4,1384.0,488.5,152.79,3088.0,2386.0,2238.0,-147.4,850.0,18738.0
39.0,134.0,44.0,6.0,4.0,27.1,5.03,128.0,95.0,85.0,-10.0,43.0,265.0
2.0,84.0,35.0,2.0,6.0,16.5,2.45,101.0,82.0,74.0,-8.1,27.0,230.0
-7.0,101.0,40.0,4.5,6.0,20.1,4.76,132.0,108.0,101.0,-7.8,31.0,147.0
197.0,799.0,258.0,66.9,160.0,141.8,60.65,814.0,602.0,574.0,-28.0,240.0,4162.0
296.0,979.0,280.0,74.0,432.0,178.3,81.31,996.0,683.0,620.0,-62.6,376.0,5954.0
372.0,1229.0,425.0,112.6,312.0,326.5,76.47,1360.0,857.0,823.0,-34.3,537.0,5461.0
-1.0,38.0,11.0,0.7,3.0,4.8,1.62,45.0,39.0,32.0,-7.5,13.0,59.0
587.0,2029.0,605.0,92.0,842.0,212.5,83.41,2006.0,1442.0,1360.0,-81.7,646.0,9712.0
3.0,100.0,40.0,4.3,5.0,24.8,5.73,124.0,97.0,91.0,-5.8,33.0,339.0
615.0,2875.0,824.0,177.2,823.0,452.0,229.78,2942.0,2260.0,1906.0,-353.4,1036.0,16887.0
444.0,1668.0,691.0,117.0,616.0,380.1,101.35,1838.0,1224.0,1312.0,87.8,527.0,11575.0
304.0,1943.0,697.0,112.1,808.0,172.4,110.63,1933.0,1639.0,1507.0,-132.6,427.0,10844.0
226.0,665.0,215.0,55.1,108.0,200.1,46.7,691.0,439.0,483.0,43.9,208.0,3657.0
388.0,1707.0,673.0,124.5,382.0,434.7,135.51,1940.0,1319.0,1357.0,37.7,583.0,9635.0
651.0,2000.0,643.0,99.8,763.0,376.6,105.02,1949.0,1349.0,1283.0,-66.3,666.0,9887.0
240.0,852.0,235.0,51.5,337.0,188.6,38.99,917.0,612.0,567.0,-44.8,350.0,4485.0
69.0,341.0,128.0,17.3,48.0,74.1,18.33,353.0,272.0,263.0,-9.1,90.0,987.0
178.0,503.0,149.0,42.1,62.0,142.0,40.14,504.0,325.0,326.0,1.0,178.0,1561.0
413.0,1694.0,485.0,78.0,674.0,279.9,71.6,1739.0,1281.0,1239.0,-41.9,500.0,8012.0
187.0,997.0,441.0,61.4,438.0,122.9,66.82,996.0,810.0,783.0,-26.8,213.0,5373.0
355.0,1871.0,547.0,112.8,558.0,290.5,114.42,1938.0,1516.0,1328.0,-187.8,610.0,9822.0
775.0,3613.0,1031.0,168.5,1648.0,551.5,169.11,3585.0,2838.0,2628.0,-210.1,957.0,20315.0
-46.0,67.0,47.0,5.2,4.0,17.4,5.31,137.0,113.0,92.0,-20.3,44.0,285.0
15.0,112.0,40.0,2.7,7.0,15.1,3.01,117.0,97.0,85.0,-11.8,32.0,256.0
14.0,148.0,48.0,5.5,7.0,29.5,5.2,166.0,134.0,128.0,-5.5,37.0,180.0
337.0,1139.0,470.0,79.6,174.0,212.2,67.92,1191.0,802.0,825.0,23.0,367.0,4448.0
250.0,1036.0,292.0,83.5,491.0,182.8,95.24,1122.0,786.0,684.0,-102.5,438.0,6602.0
382.0,1391.0,498.0,114.5,390.0,274.9,86.54,1419.0,1009.0,955.0,-54.5,464.0,6246.0
574.0,2252.0,798.0,101.4,1012.0,326.1,102.06,2292.0,1678.0,1576.0,-101.9,716.0,10025.0
20.0,144.0,47.0,4.8,6.0,17.1,6.31,145.0,124.0,109.0,-15.2,36.0,386.0
850.0,3406.0,1015.0,215.1,929.0,581.7,263.66,3490.0,2556.0,2364.0,-192.4,1127.0,19724.0
614.0,1993.0,843.0,169.8,638.0,497.8,112.81,2072.0,1379.0,1622.0,242.4,451.0,13049.0
546.0,2499.0,1073.0,123.0,965.0,493.0,129.4,2588.0,1953.0,2042.0,88.6,546.0,12564.0
363.0,914.0,339.0,60.8,136.0,327.2,46.75,942.0,551.0,688.0,137.2,254.0,4347.0
692.0,2196.0,677.0,149.6,442.0,328.0,147.52,2144.0,1504.0,1432.0,-72.1,711.0,10945.0
614.0,2179.0,669.0,117.3,879.0,397.6,114.67,2178.0,1565.0,1426.0,-139.0,752.0,12681.0
300.0,999.0,242.0,59.2,366.0,133.7,44.24,960.0,699.0,623.0,-75.9,338.0,4890.0
57.0,374.0,139.0,18.2,54.0,57.9,19.96,385.0,317.0,284.0,-32.7,101.0,1127.0
241.0,617.0,179.0,56.6,71.0,198.3,45.1,620.0,376.0,422.0,46.5,198.0,1782.0
479.0,1969.0,525.0,98.0,760.0,287.7,88.15,2002.0,1490.0,1417.0,-72.9,586.0,9610.0
317.0,1251.0,557.0,91.5,487.0,299.3,75.95,1322.0,934.0,992.0,58.2,329.0,6272.0
518.0,2318.0,677.0,86.2,643.0,366.4,107.92,2324.0,1800.0,1624.0,-176.3,700.0,11471.0
953.0,4205.0,1282.0,197.8,1823.0,739.7,187.87,4244.0,3252.0,3181.0,-70.8,1063.0,23457.0
39.0,169.0,61.0,7.2,5.0,26.2,5.64,158.0,130.0,105.0,-24.4,53.0,337.0
9.0,133.0,54.0,3.4,10.0,10.0,3.81,139.0,124.0,100.0,-24.6,40.0,298.0
22.0,184.0,62.0,8.0,10.0,41.0,5.86,215.0,162.0,165.0,3.3,50.0,209.0
326.0,1109.0,357.0,96.3,201.0,191.6,76.89,997.0,783.0,783.0,-0.4,214.0,5708.0
559.0,1438.0,354.0,89.6,544.0,262.1,108.74,1434.0,879.0,820.0,-59.3,614.0,7326.0
471.0,1614.0,544.0,126.5,441.0,297.5,100.38,1585.0,1143.0,1099.0,-44.7,487.0,7863.0
15.0,71.0,16.0,1.2,4.0,6.9,2.22,67.0,56.0,49.0,-6.8,18.0,80.0
754.0,2717.0,931.0,127.2,1145.0,363.6,116.16,2752.0,1963.0,1911.0,-51.7,841.0,11646.0
33.0,178.0,61.0,7.3,8.0,34.9,7.59,188.0,145.0,140.0,-4.9,47.0,426.0
1431.0,4087.0,1131.0,254.4,992.0,1082.3,296.93,4116.0,2656.0,2761.0,105.8,1355.0,21896.0
627.0,2160.0,856.0,184.3,769.0,413.9,129.26,2181.0,1533.0,1739.0,206.2,441.0,15302.0
668.0,2962.0,1193.0,153.8,1174.0,591.4,152.24,3119.0,2294.0,2463.0,169.0,656.0,13576.0
352.0,1051.0,382.0,97.7,189.0,366.6,52.28,1165.0,699.0,835.0,135.8,330.0,5113.0
711.0,2505.0,758.0,179.7,464.0,395.9,167.01,2408.0,1794.0,1687.0,-106.7,721.0,13004.0
625.0,2395.0,841.0,146.4,980.0,520.2,129.99,2463.0,1770.0,1701.0,-68.3,762.0,13311.0
245.0,1036.0,281.0,81.3,406.0,234.8,50.36,1120.0,791.0,761.0,-29.6,359.0,5382.0
84.0,466.0,156.0,25.3,61.0,79.5,25.56,479.0,382.0,344.0,-37.6,134.0,1139.0
255.0,693.0,215.0,67.9,79.0,248.2,44.48,747.0,438.0,509.0,70.9,238.0,2021.0
695.0,2435.0,658.0,135.2,909.0,563.3,99.52,2615.0,1740.0,1884.0,143.6,732.0,10831.0
323.0,1448.0,618.0,121.1,622.0,232.3,92.8,1572.0,1125.0,1139.0,13.7,433.0,6977.0
599.0,2412.0,773.0,19.6,713.0,494.2,121.65,2522.0,1813.0,1734.0,-79.1,788.0,11871.0
1366.0,5034.0,1434.0,252.0,1966.0,1050.5,219.79,5063.0,3668.0,3880.0,212.0,1183.0,25558.0
51.0,222.0,65.0,11.5,6.0,14.5,6.07,223.0,171.0,134.0,-37.6,89.0,382.0
22.0,170.0,54.0,5.6,12.0,2.0,4.5,161.0,148.0,117.0,-31.2,44.0,343.0
18.0,219.0,62.0,10.0,9.0,-4.6,6.24,202.0,201.0,163.0,-37.6,39.0,243.0
322.0,1145.0,406.0,101.2,228.0,328.4,89.14,1281.0,823.0,897.0,74.0,384.0,5694.0
771.0,1703.0,388.0,152.1,567.0,479.2,124.54,1726.0,932.0,941.0,9.4,785.0,8354.0
597.0,1824.0,625.0,169.5,487.0,362.7,118.66,1838.0,1227.0,1303.0,75.9,535.0,7936.0
687.0,2915.0,972.0,145.9,1298.0,397.7,135.41,2950.0,2228.0,2210.0,-17.2,740.0,13658.0
47.0,230.0,70.0,6.4,8.0,12.4,8.56,204.0,183.0,146.0,-36.5,57.0,474.0
1677.0,4822.0,1333.0,338.3,1140.0,1493.6,342.53,5186.0,3145.0,3292.0,147.3,1894.0,24211.0
881.0,2660.0,1115.0,244.2,937.0,339.7,151.28,2738.0,1779.0,2151.0,371.9,588.0,17676.0
773.0,3546.0,1470.0,190.7,1439.0,435.0,177.78,3413.0,2773.0,2781.0,7.3,633.0,15266.0
324.0,1262.0,467.0,102.7,235.0,154.0,63.26,1207.0,938.0,943.0,5.6,264.0,5673.0
919.0,3315.0,1231.0,222.1,576.0,326.0,186.95,2966.0,2396.0,2098.0,-297.7,868.0,14295.0
693.0,2596.0,1046.0,187.5,1075.0,514.0,148.89,2625.0,1903.0,1972.0,70.0,653.0,13988.0
391.0,1351.0,369.0,97.9,502.0,230.0,61.71,1315.0,960.0,854.0,-106.1,461.0,6552.0
119.0,638.0,223.0,30.5,74.0,35.0,32.67,588.0,519.0,411.0,-107.8,177.0,1372.0
316.0,918.0,273.0,91.2,104.0,247.0,46.28,889.0,602.0,595.0,-6.6,294.0,2256.0
963.0,2976.0,1010.0,162.1,1076.0,550.0,110.74,2894.0,2013.0,2098.0,84.7,796.0,11575.0
727.0,2098.0,918.0,127.1,731.0,323.0,107.19,1969.0,1371.0,1445.0,74.2,523.0,7520.0
875.0,3049.0,1083.0,133.3,831.0,516.0,138.91,2916.0,2174.0,2103.0,-70.4,813.0,13905.0
1559.0,5733.0,1968.0,309.9,2377.0,1234.0,263.79,5732.0,4174.0,4491.0,316.7,1241.0,29616.0
58.0,284.0,80.0,11.3,7.0,-9.0,6.76,247.0,226.0,156.0,-70.4,91.0,418.0
20.0,203.0,70.0,7.2,15.0,-8.0,4.9,188.0,183.0,135.0,-48.0,53.0,393.0
34.0,164.0,74.0,8.0,2.0,41.0,5.38,177.0,130.0,132.0,1.5,46.0,181.0
43.0,308.0,84.0,12.7,10.0,-12.0,7.81,272.0,265.0,204.0,-60.8,69.0,273.0
516.0,1457.0,559.0,125.9,286.0,326.0,102.95,1410.0,941.0,1001.0,60.1,410.0,6823.0
883.0,2053.0,681.0,146.7,670.0,566.0,140.4,1963.0,1170.0,1163.0,-7.3,800.0,9506.0
637.0,2143.0,768.0,198.4,566.0,343.0,141.37,2116.0,1506.0,1508.0,2.2,609.0,8797.0
13.0,105.0,35.0,5.1,6.0,12.0,2.92,104.0,92.0,78.0,-14.1,26.0,122.0
764.0,3402.0,1444.0,162.0,1548.0,365.0,151.34,3309.0,2638.0,2450.0,-188.6,859.0,15648.0
47.0,278.0,115.0,11.1,10.0,15.0,9.48,259.0,231.0,190.0,-41.2,69.0,524.0
1695.0,5572.0,1861.0,321.3,1291.0,1058.0,389.98,5331.0,3877.0,3702.0,-174.6,1629.0,27748.0
763.0,3106.0,1202.0,274.9,1124.0,259.0,177.16,2974.0,2343.0,2260.0,-82.9,714.0,19033.0
906.0,3962.0,1849.0,295.6,1559.0,804.0,202.01,4068.0,3056.0,3245.0,189.0,824.0,16404.0
32.0,244.0,78.0,10.8,2.0,23.0,4.8,251.0,212.0,173.0,-39.0,78.0,305.0
314.0,1524.0,597.0,146.2,245.0,243.0,64.02,1586.0,1210.0,1149.0,-61.0,437.0,6176.0
835.0,3458.0,1353.0,282.3,659.0,461.0,207.52,3360.0,2623.0,2277.0,-346.0,1083.0,16261.0
88.0,259.0,91.0,20.6,61.0,61.0,14.02,255.0,171.0,172.0,1.0,83.0,771.0
1268.0,3428.0,1252.0,244.6,1264.0,900.0,170.06,3323.0,2160.0,2469.0,309.0,853.0,16174.0
376.0,1506.0,360.0,132.6,566.0,170.0,70.04,1509.0,1130.0,967.0,-163.0,542.0,6889.0
99.0,633.0,251.0,41.7,92.0,89.0,36.61,648.0,534.0,464.0,-70.0,183.0,1517.0
295.0,990.0,338.0,102.4,118.0,244.0,52.94,989.0,695.0,653.0,-42.0,336.0,2620.0
668.0,2952.0,1150.0,204.0,1206.0,514.0,127.39,3069.0,2284.0,2205.0,-79.0,864.0,13271.0
466.0,1969.0,942.0,177.3,814.0,440.0,123.14,2162.0,1503.0,1655.0,152.0,507.0,8536.0
726.0,3293.0,1237.0,258.4,974.0,561.0,159.48,3349.0,2567.0,2532.0,-35.0,818.0,14513.0
1474.0,6452.0,2480.0,441.3,2792.0,1065.0,306.02,6412.0,4978.0,4979.0,0.6,1433.0,32009.0
39.0,287.0,118.0,15.7,9.0,32.0,7.21,299.0,248.0,198.0,-50.0,101.0,479.0
15.0,229.0,79.0,8.7,18.0,5.0,4.75,230.0,214.0,156.0,-58.0,73.0,447.0
56.0,353.0,110.0,17.4,13.0,30.0,7.53,344.0,297.0,263.0,-34.0,81.0,308.0
391.0,1619.0,668.0,172.0,338.0,372.0,119.96,1730.0,1228.0,1248.0,20.0,482.0,7427.0
503.0,1796.0,369.0,174.5,803.0,343.0,156.18,1829.0,1293.0,1202.0,-90.0,627.0,10429.0
728.0,2535.0,971.0,254.6,656.0,467.0,167.42,2557.0,1807.0,1867.0,60.0,691.0,9957.0
7.0,120.0,40.0,3.0,7.0,1.0,2.28,115.0,113.0,81.0,-32.0,34.0,145.0
727.0,3606.0,1559.0,198.9,1757.0,454.0,172.57,3612.0,2879.0,2776.0,-103.0,836.0,17513.0
32.0,307.0,133.0,13.4,12.0,15.0,9.86,300.0,275.0,232.0,-42.0,68.0,580.0
1939.0,6111.0,2075.0,542.7,1529.0,1410.0,456.3,6225.0,4172.0,4349.0,177.0,1876.0,30657.0
904.0,3414.0,1500.0,333.5,1219.0,587.0,211.14,3508.0,2510.0,2698.0,188.0,810.0,20803.0
917.0,4395.0,1884.0,312.9,1819.0,568.0,233.13,4294.0,3478.0,3441.0,-37.0,853.0,19608.0
9.0,305.0,102.0,31.8,2.0,38.0,4.77,348.0,296.0,246.0,-50.0,102.0,330.0
535.0,1776.0,681.0,184.8,249.0,421.0,64.69,1794.0,1241.0,1326.0,84.0,469.0,7001.0
1016.0,3825.0,1431.0,346.5,761.0,825.0,235.84,3914.0,2809.0,2619.0,-190.0,1295.0,17638.0
200.0,362.0,86.0,33.0,52.0,72.0,15.68,258.0,162.0,169.0,7.0,90.0,856.0
1159.0,3965.0,1537.0,310.5,1526.0,976.0,204.19,4089.0,2806.0,3093.0,286.0,996.0,16339.0
353.0,1657.0,488.0,150.1,664.0,216.0,81.1,1663.0,1304.0,1288.0,-17.0,375.0,7739.0
170.0,820.0,322.0,49.1,103.0,129.0,42.98,805.0,650.0,609.0,-41.0,196.0,1722.0
469.0,1223.0,460.0,114.8,123.0,417.0,57.36,1269.0,754.0,861.0,107.0,408.0,2524.0
927.0,3484.0,1361.0,247.6,1415.0,518.0,146.97,3437.0,2557.0,2667.0,110.0,770.0,15158.0
663.0,2249.0,976.0,213.2,925.0,448.0,144.69,2251.0,1586.0,1781.0,195.0,470.0,9578.0
1074.0,4068.0,1527.0,291.5,1115.0,725.0,179.75,3932.0,2994.0,3053.0,59.0,879.0,18397.0
1462.0,7041.0,2603.0,527.2,3219.0,1014.0,370.52,6929.0,5579.0,5505.0,-74.0,1425.0,37754.0
29.0,316.0,111.0,18.1,12.0,17.0,10.4,319.0,287.0,215.0,-72.0,104.0,604.0
13.0,270.0,91.0,9.6,20.0,1.5,6.58,264.0,257.0,190.0,-66.0,74.0,534.0
21.0,215.0,126.0,13.1,4.0,102.0,7.71,306.0,194.0,246.0,52.0,60.0,286.0
53.0,404.0,150.0,23.4,15.0,60.0,8.76,436.0,351.0,328.0,-23.0,107.0,395.0
672.0,2005.0,742.0,206.9,387.0,506.0,136.36,1990.0,1333.0,1408.0,75.0,582.0,7614.0
1247.0,2652.0,595.0,161.2,916.0,968.0,179.04,2623.0,1405.0,1634.0,229.0,990.0,12255.0
1021.0,3204.0,1439.0,298.7,773.0,903.0,192.29,3384.0,2183.0,2539.0,356.0,845.0,10925.0
7.0,134.0,46.0,4.0,11.0,9.0,2.6,139.0,127.0,99.0,-28.0,40.0,167.0
1040.0,4132.0,1735.0,239.0,1762.0,660.0,195.12,4196.0,3092.0,3375.0,283.0,821.0,20693.0
57.0,371.0,170.0,22.9,14.0,62.0,11.63,393.0,314.0,294.0,-20.0,98.0,668.0
1688.0,7020.0,2337.0,693.8,1989.0,1014.0,524.28,6901.0,5332.0,5080.0,-252.0,1821.0,34352.0
1003.0,3915.0,1652.0,394.1,1449.0,551.0,251.73,3941.0,2912.0,3028.0,115.0,913.0,25078.0
1005.0,5284.0,2103.0,372.8,2122.0,673.0,283.01,5223.0,4279.0,4246.0,-33.0,977.0,24732.0
34.0,341.0,113.0,10.0,2.0,1.0,5.66,326.0,307.0,214.0,-93.0,111.0,387.0
504.0,1877.0,727.0,218.9,279.0,303.0,67.65,1855.0,1373.0,1435.0,62.1,420.0,7600.0
829.0,4318.0,1849.0,378.1,831.0,535.0,271.09,4324.0,3489.0,3211.0,-277.5,1113.0,21181.0
37.0,248.0,122.0,15.7,62.0,64.0,19.36,284.0,211.0,199.0,-12.0,85.0,978.0
1230.0,4466.0,1590.0,391.8,1871.0,735.0,250.68,4374.0,3236.0,3362.0,126.7,1011.0,22349.0
456.0,1897.0,650.0,160.6,795.0,289.0,102.5,1879.0,1441.0,1443.0,1.9,436.0,10015.0
188.0,886.0,398.0,69.0,118.0,254.0,63.83,985.0,698.0,768.0,69.8,216.0,2157.0
503.0,1405.0,458.0,198.3,138.0,410.0,64.29,1404.0,902.0,966.0,63.9,439.0,3065.0
826.0,3790.0,1441.0,291.1,1699.0,497.0,174.55,3778.0,2964.0,3002.0,38.7,776.0,17709.0
623.0,2520.0,1109.0,244.5,1066.0,412.0,173.33,2521.0,1897.0,2061.0,163.9,460.0,10673.0
867.0,4339.0,1810.0,396.6,1338.0,871.0,219.57,4596.0,3472.0,3618.0,145.8,978.0,21663.0
1971.0,8271.0,2937.0,633.5,3823.0,1277.0,442.64,8102.0,6300.0,6541.0,240.8,1561.0,45160.0
65.0,408.0,151.0,19.5,12.0,33.0,13.28,393.0,343.0,278.0,-65.0,115.0,680.0
37.0,339.0,119.0,11.2,28.0,10.0,8.62,318.0,302.0,225.0,-77.7,94.0,589.0
-5.0,269.0,117.0,2.1,2.0,11.0,8.42,287.0,274.0,231.0,-43.0,56.0,288.0
62.0,447.0,154.0,27.0,16.0,48.0,10.63,457.0,385.0,344.0,-41.2,114.0,477.0
764.0,2315.0,843.0,303.7,443.0,550.0,162.81,2261.0,1551.0,1659.0,107.8,602.0,9613.0
1273.0,2897.0,929.0,219.2,1041.0,833.0,218.23,2666.0,1624.0,1868.0,244.1,798.0,14088.0
1136.0,3488.0,1412.0,377.0,893.0,736.0,241.36,3415.0,2352.0,2571.0,218.5,845.0,14555.0
21.0,170.0,57.0,5.5,11.0,11.0,4.15,164.0,149.0,113.0,-36.0,51.0,185.0
1060.0,4549.0,1921.0,305.0,1994.0,654.0,231.89,4617.0,3489.0,3763.0,274.2,854.0,23199.0
64.0,460.0,216.0,20.8,18.0,84.0,15.25,492.0,396.0,381.0,-15.1,112.0,853.0
2450.0,8102.0,2919.0,814.6,2066.0,1802.0,621.03,8079.0,5652.0,6257.0,604.5,1822.0,41102.0
1038.0,4375.0,1852.0,448.9,1735.0,579.0,321.92,4279.0,3337.0,3475.0,137.2,804.0,27107.0
1237.0,5714.0,2387.0,470.9,2384.0,972.0,348.29,5768.0,4477.0,4715.0,238.2,1053.0,28284.0
68.0,357.0,126.0,16.7,2.0,75.0,7.35,392.0,289.0,258.0,-31.6,134.0,412.0
636.0,2168.0,769.0,265.4,333.0,528.0,86.66,2266.0,1532.0,1669.0,136.7,598.0,9084.0
1283.0,5194.0,2027.0,577.8,925.0,994.0,328.66,5219.0,3911.0,3945.0,34.0,1275.0,22610.0
118.0,335.0,136.0,25.5,70.0,95.0,25.1,327.0,217.0,228.0,11.0,98.0,1128.0
1368.0,4969.0,1726.0,470.0,2160.0,952.0,341.9,4844.0,3601.0,3727.0,126.0,1117.0,24777.0
438.0,2045.0,695.0,206.4,910.0,393.0,138.1,2121.0,1607.0,1702.0,95.0,419.0,11147.0
197.0,918.0,373.0,88.0,142.0,226.0,78.4,992.0,721.0,783.0,61.0,209.0,2436.0
653.0,1611.0,514.0,212.5,133.0,524.0,77.39,1611.0,958.0,1081.0,123.0,530.0,3299.0
1091.0,4427.0,1534.0,349.1,1932.0,625.0,210.45,4401.0,3336.0,3483.0,147.0,918.0,20214.0
849.0,2897.0,1197.0,293.0,1233.0,604.0,222.14,2889.0,2048.0,2298.0,250.0,591.0,12213.0
1118.0,4995.0,1877.0,432.9,1578.0,723.0,259.33,4823.0,3877.0,3779.0,-98.0,1044.0,24492.0
2425.0,9954.0,3446.0,756.6,4401.0,1844.0,588.13,9737.0,7529.0,7903.0,374.0,1835.0,55674.0
48.0,380.0,155.0,18.7,13.0,71.0,16.14,423.0,332.0,299.0,-33.0,123.0,720.0
37.0,346.0,130.0,11.4,31.0,31.0,11.17,351.0,309.0,259.0,-50.0,92.0,761.0
105.0,409.0,130.0,0.9,3.0,-3.0,11.78,303.0,304.0,240.0,-64.0,64.0,312.0
126.0,473.0,181.0,35.7,12.0,141.0,13.89,515.0,347.0,393.0,46.0,122.0,545.0
611.0,2352.0,938.0,310.4,525.0,574.0,206.14,2475.0,1741.0,1846.0,105.0,629.0,11025.0
1106.0,2906.0,990.0,233.7,1228.0,909.0,266.1,2887.0,1800.0,2021.0,221.0,866.0,16980.0
936.0,3604.0,1405.0,437.0,1073.0,581.0,316.84,3565.0,2668.0,2698.0,30.0,868.0,15794.0
46.0,180.0,56.0,7.4,11.0,30.0,5.93,167.0,134.0,115.0,-19.0,52.0,204.0
1348.0,5600.0,2339.0,366.5,2489.0,919.0,295.68,5662.0,4252.0,4731.0,479.0,931.0,27134.0
173.0,600.0,227.0,27.8,21.0,89.0,19.93,525.0,427.0,420.0,-7.0,105.0,936.0
2761.0,9384.0,3610.0,1041.9,2449.0,2482.0,779.34,9637.0,6623.0,7654.0,1031.0,1983.0,46926.0
1307.0,4801.0,2092.0,529.9,1938.0,1055.0,440.42,4883.0,3494.0,3971.0,477.0,912.0,30623.0
1261.0,6608.0,2741.0,590.0,2650.0,967.1,418.09,6581.0,5347.0,5505.0,157.6,1076.0,33336.0
61.0,419.0,128.0,20.0,0.0,25.8,7.39,398.0,358.0,258.0,-100.1,140.0,508.0
972.0,2749.0,932.0,260.0,420.0,567.5,102.27,2689.0,1777.0,1920.0,143.8,769.0,10621.0
1714.0,6036.0,2381.0,750.0,1140.0,1594.6,299.42,6217.0,4322.0,4888.0,566.1,1329.0,26429.0
148.0,431.0,162.0,30.0,90.0,96.1,28.22,395.0,283.0,275.0,-7.2,120.0,1257.0
2131.0,5510.0,1993.0,530.0,2400.0,1798.2,427.81,5470.0,3379.0,4082.0,702.7,1388.0,27996.0
540.0,2453.0,776.0,240.0,1070.0,385.7,146.5,2397.0,1913.0,1933.0,19.7,464.0,13636.0
363.0,1170.0,444.0,110.0,160.0,278.6,87.05,1118.0,807.0,902.0,94.8,217.0,2815.0
588.0,1746.0,600.0,220.00000000000003,160.0,661.2,91.01,2021.0,1158.0,1249.0,91.2,772.0,3614.0
1349.0,5241.0,1842.0,440.00000000000006,2330.0,558.5,253.01,4979.0,3892.0,3971.0,78.9,1008.0,23300.0
949.0,3352.0,1477.0,340.0,1340.0,798.5,262.59,3376.0,2403.0,2825.0,422.0,552.0,14098.0
1284.0,5829.0,2439.0,510.0,1750.0,1019.3,221.27,5899.0,4545.0,4746.0,200.7,1153.0,30472.0
2300.0,10999.0,3792.0,880.0000000000001,5120.0,1610.9,676.01,10772.0,8699.0,8754.0,54.7,2019.0,64433.0
85.0,481.0,151.0,30.0,20.0,39.6,18.7,453.0,396.0,307.0,-88.5,146.0,821.0
55.0,408.0,160.0,20.0,40.0,41.2,13.88,406.0,353.0,311.0,-42.2,95.0,890.0
50.0,512.0,153.0,30.0,0.0,-94.4,13.75,502.0,462.0,305.0,-157.1,197.0,341.0
102.0,519.0,182.0,40.0,20.0,101.9,16.04,552.0,417.0,422.0,5.2,130.0,655.0
1008.0,3179.0,1113.0,370.0,670.0,616.2,242.2,3051.0,2171.0,2191.0,19.6,861.0,10904.0
1463.0,3439.0,957.0,330.0,1290.0,1242.2,307.63,3400.0,1976.0,2520.0,544.2,880.0,18883.0
996.0,4644.0,1866.0,500.0,1220.0,544.8,355.41,4728.0,3648.0,3480.0,-168.0,1248.0,20710.0
33.0,193.0,61.0,10.0,10.0,20.2,8.52,183.0,160.0,128.0,-31.4,55.0,234.0
1466.0,6554.0,2985.0,460.0,3120.0,1126.3,345.41,6621.0,5088.0,5641.0,553.4,980.0,31339.0
128.0,623.0,264.0,40.0,30.0,85.6,23.84,613.0,495.0,497.0,1.7,116.0,1031.0
3818.0,12128.0,4711.0,1280.0,3160.0,3067.6,830.98,12240.0,8310.0,9539.0,1228.3,2702.0,55506.0
1827.0,5936.0,2824.0,630.0,2130.0,1633.7,549.29,6028.0,4109.0,5128.0,1018.9,900.0,34797.0
1567.0,7849.0,3121.0,700.0,3060.0,1125.3,486.37,7758.0,6282.0,6452.0,169.6,1306.0,40659.0
4.0,450.0,137.0,20.0,0.0,-20.3,7.9,443.0,446.0,288.0,-158.2,156.0,629.0
313.0,2731.0,1113.0,90.0,510.0,254.7,119.88,2763.0,2418.0,2148.0,-269.7,615.0,11848.0
1903.0,6757.0,3073.0,1000.0,1310.0,1617.0,341.35,6805.0,4854.0,5739.0,885.0,1066.0,29519.0
77.0,399.0,181.0,60.0,110.0,125.3,37.46,466.0,322.0,332.0,9.5,135.0,1551.0
2219.0,6882.0,2344.0,720.0,2890.0,1875.7,479.19,6908.0,4663.0,5238.0,575.6,1670.0,30632.0
500.0,2742.0,781.0,320.0,1300.0,374.7,177.26,2727.0,2242.0,2274.0,32.2,453.0,16339.0
1283.0,2275.0,495.0,150.0,190.0,223.8,100.55,2341.0,992.0,983.0,-9.9,1358.0,3317.0
239.0,1864.0,732.0,390.0,160.0,448.7,96.24,2286.0,1625.0,1521.0,-104.0,764.0,4110.0
1504.0,6279.0,2299.0,520.0,2900.0,917.8,313.37,6248.0,4775.0,4954.0,178.7,1294.0,30092.0
1081.0,3933.0,1594.0,480.0,1670.0,803.4,295.36,4005.0,2852.0,3216.0,364.3,789.0,17530.0
1061.0,6438.0,2664.0,610.0,2120.0,984.0,260.43,6637.0,5377.0,5421.0,43.8,1217.0,32609.0
3201.0,12974.0,4601.0,1160.0,5950.0,1656.9,785.41,12052.0,9773.0,10049.0,276.1,2003.0,73406.0
56.0,507.0,185.0,30.0,10.0,69.1,18.7,533.0,451.0,378.0,-73.3,156.0,986.0
57.0,461.0,189.0,20.0,40.0,72.2,15.28,492.0,404.0,368.0,-35.6,124.0,1037.0
-2.0,398.0,173.0,10.0,0.0,4.8,17.13,414.0,400.0,321.0,-79.0,93.0,465.0
91.0,586.0,179.0,50.0,20.0,95.7,18.84,648.0,495.0,489.0,-6.3,159.0,786.0
1130.0,3577.0,1310.0,480.0,670.0,913.2,281.61,3640.0,2447.0,2635.0,187.7,1005.0,14012.0
1169.0,4885.0,1099.0,360.0,1540.0,1150.5,357.3,5012.0,3716.0,4197.0,480.9,816.0,22842.0
1935.0,6064.0,2036.0,620.0,1550.0,792.4,416.34,5810.0,4129.0,4080.0,-48.5,1729.0,23012.0
24.0,206.0,73.0,20.0,10.0,41.1,9.29,228.0,182.0,155.0,-27.4,73.0,259.0
2604.0,9380.0,3433.0,560.0,3730.0,1299.9,390.69,9600.0,6776.0,8680.0,1903.9,920.0,36957.0
71.0,634.0,286.0,50.0,30.0,93.9,28.17,677.0,563.0,548.0,-15.6,129.0,1165.0
3666.0,13341.0,4443.0,1710.0000000000002,3500.0,2836.6,958.22,13246.0,9675.0,10399.0,724.6,2847.0,64677.0
1487.0,6165.0,2716.0,830.0000000000001,2450.0,1143.7,663.96,6191.0,4678.0,5324.0,646.1,867.0,40380.0
1937.0,9003.0,3662.0,830.0000000000001,3390.0,1569.3,560.3,8984.0,7066.0,7190.0,123.8,1793.0,44395.0
-18.0,485.0,172.0,20.0,0.0,-9.3,9.66,503.0,503.0,340.0,-163.2,163.0,741.0
560.0,3173.0,1138.0,410.0,520.0,208.1,130.99,3136.0,2613.0,2451.0,-162.3,685.0,13048.0
1738.0,7702.0,3143.0,1240.0,1560.0,1330.9,382.54,7743.0,5964.0,6570.0,606.0,1174.0,31914.0
72.0,461.0,192.0,60.0,140.0,90.3,35.03,499.0,389.0,380.0,-8.5,119.0,1872.0
1892.0,7803.0,2456.0,930.0,3460.0,1173.6,551.75,7987.0,5911.0,6211.0,299.8,1776.0,40316.0
537.0,2915.0,955.0,340.0,1450.0,444.1,199.48,2956.0,2378.0,2379.0,1.7,577.0,17343.0
285.0,1338.0,581.0,180.0,220.00000000000003,311.5,122.28,1447.0,1053.0,1146.0,93.1,301.0,3824.0
232.0,2281.0,887.0,360.0,210.0,203.5,105.28,2321.0,2049.0,1782.0,-267.0,539.0,4558.0
1305.0,6727.0,2557.0,590.0,3100.0,1386.0,360.2,7100.0,5422.0,5592.0,170.0,1508.0,33036.0
1134.0,4453.0,1791.0,540.0,1890.0,732.0,343.12,4363.0,3319.0,3656.0,337.4,707.0,19937.0
1340.0,7783.0,3020.0,740.0,2330.0,876.3,298.82,7663.0,6443.0,6157.0,-285.3,1505.0,36583.0
2481.0,13299.0,5561.0,1340.0,6559.999999999999,2585.6,899.52,14014.0,10818.0,11547.0,728.5,2467.0,90921.0
338.0,818.0,196.0,40.0,20.0,18.2,18.9,824.0,480.0,398.0,-82.2,426.0,1093.0
64.0,493.0,198.0,30.0,40.0,93.1,18.2,543.0,429.0,410.0,-18.2,133.0,1152.0
62.0,483.0,200.0,30.0,10.0,59.5,19.67,490.0,421.0,374.0,-47.2,116.0,533.0
214.0,728.0,224.0,60.0,20.0,138.2,23.85,857.0,514.0,527.0,13.0,330.0,918.0
990.0,3903.0,1492.0,540.0,760.0,740.1,308.69,3915.0,2913.0,3049.0,135.7,866.0,15138.0
4309.0,7096.0,1058.0,410.0,1760.0000000000002,1252.0,401.25,4208.0,2787.0,3423.0,635.6,785.0,26275.0
1314.0,6202.0,2393.0,740.0,1730.0,1158.7,475.34,6347.0,4888.0,4997.0,109.5,1350.0,27047.0
51.0,260.0,81.0,20.0,10.0,34.1,9.89,250.0,209.0,180.0,-29.5,70.0,267.0
2842.0,9858.0,3929.0,690.0,4160.0,1749.1,444.71,9748.0,7016.0,8543.0,1526.2,1206.0,43010.0
118.0,722.0,261.0,60.0,30.0,23.0,32.78,657.0,604.0,550.0,-53.9,107.0,1231.0
4678.0,16354.0,5573.0,2040.0,3890.0,3710.9,1051.26,16135.0,11676.0,12691.0,1014.5,3445.0,70704.0
1597.0,6824.0,2747.0,970.0,2610.0,1012.5,783.25,6646.0,5227.0,5664.0,436.6,983.0,43290.0
2553.0,10804.0,3919.0,1030.0,3830.0,1833.2,652.51,10541.0,8251.0,8018.0,-232.3,2523.0,57867.0
-37.0,509.0,198.0,30.0,0.0,16.1,17.36,575.0,546.0,399.0,-147.5,176.0,893.0
164.0,3482.0,1397.0,490.00000000000006,610.0,-17.9,156.88,3620.0,3318.0,2901.0,-416.3,719.0,15143.0
1752.0,8381.0,3434.0,1350.0,1750.0,1339.3,399.99,8433.0,6629.0,7319.0,689.5,1115.0,22812.0
86.0,550.0,216.0,70.0,190.0,59.6,38.85,558.0,464.0,431.0,-33.2,128.0,2397.0
1606.0,8636.0,2844.0,1050.0,3940.0,526.4,623.07,8408.0,7030.0,6934.0,-96.2,1474.0,49194.0
682.0,4164.0,1093.0,420.0,1590.0,479.9,224.5,4109.0,3482.0,3401.0,-80.5,708.0,22131.0
372.0,1837.0,621.0,210.0,260.0,152.1,143.79,1691.0,1465.0,1352.0,-113.6,339.0,4783.0
243.0,2470.0,901.0,280.0,230.0,87.7,147.28,2593.0,2227.0,1768.0,-459.0,825.0,6343.0
1896.0,8221.0,3063.0,720.0,3810.0,1254.0,399.59,8089.0,6325.0,6208.0,-116.4,1881.0,26326.0
1316.0,5238.0,2061.0,690.0,2340.0,935.2,391.51,5138.0,3922.0,4293.0,371.3,845.0,37971.0
1733.0,8803.0,3508.0,869.9999999999999,2680.0,982.5,379.67,8878.0,7070.0,7518.0,448.1,1360.0,14171.0
2937.0,15924.0,6204.0,1510.0,7700.0,2265.3,1068.38,15983.0,12987.0,13109.0,121.9,2874.0,113320.0
162.0,741.0,210.0,50.0,20.0,-20.4,24.44,637.0,579.0,438.0,-140.9,200.0,1308.0
160.0,661.0,238.0,30.0,50.0,87.6,21.23,682.0,501.0,483.0,-17.9,199.0,1511.0
17.0,520.0,212.0,20.0,10.0,7.6,26.06,522.0,503.0,419.0,-83.9,103.0,711.0
305.0,937.0,269.0,60.0,20.0,174.2,23.89,932.0,632.0,680.0,47.2,252.0,1375.0
1315.0,4523.0,1747.0,680.0,860.0,901.5,338.5,4456.0,3208.0,3482.0,274.4,973.0,18537.0
1696.0,4973.0,1335.0,1040.0,2150.0,1493.4,428.19,5221.0,3277.0,4044.0,766.9,1177.0,30248.0
1764.0,7361.0,2783.0,890.0,1950.0,1470.0,531.09,7427.0,5597.0,5898.0,300.7,1529.0,32970.0
27.0,252.0,90.0,20.0,10.0,30.7,10.1,263.0,225.0,189.0,-36.0,74.0,403.0
2126.0,10192.0,4251.0,960.0,4800.0,1357.6,517.59,10062.0,8066.0,8758.0,691.9,1304.0,57549.0
132.0,775.0,324.0,70.0,40.0,111.0,40.57,785.0,643.0,643.0,0.3,142.0,1777.0
3542.0,15673.0,5212.0,2110.0,4130.0,3165.8,1240.63,16275.0,12131.0,13280.0,1148.7,2995.0,80451.0
1940.0,7861.0,3323.0,1170.0,2910.0,1671.9,894.72,7973.0,5921.0,6906.0,984.3,1067.0,53424.0
567.0,1134.0,386.0,0.0,550.0,231.7,141.49,800.0,567.0,508.0,-59.0,292.0,20992.0
3381.0,12167.0,4265.0,1260.0,4230.0,2348.5,754.18,12459.0,8786.0,9514.0,727.8,2945.0,68923.0
61.0,667.0,217.0,30.0,10.0,73.2,20.69,691.0,606.0,439.0,-166.6,252.0,970.0
2356.0,5317.0,1538.0,590.0,630.0,710.6,170.43,3998.0,2961.0,3271.0,309.3,727.0,17551.0
1809.0,8607.0,3524.0,1560.0,1840.0,1342.1,431.83,8555.0,6798.0,7731.0,933.4,823.0,25945.0
104.0,638.0,223.0,70.0,230.0,44.5,44.17,601.0,534.0,477.0,-56.2,124.0,2838.0
1915.0,9721.0,3273.0,1190.0,4740.0,1292.4,713.34,9498.0,7806.0,7544.0,-262.2,1954.0,63516.0
1128.0,7010.0,1304.0,490.00000000000006,1890.0,534.6,249.0,6912.0,5882.0,6273.0,390.5,639.0,26245.0
387.0,1693.0,731.0,220.00000000000003,300.0,620.4,164.83,2009.0,1306.0,1614.0,307.9,394.0,5825.0
312.0,3339.0,1047.0,580.0,240.0,-23.4,158.77,3339.0,3027.0,2324.0,-702.5,1015.0,6977.0
2067.0,9035.0,3449.0,869.9999999999999,4290.0,1512.9,443.45,8859.0,6968.0,7265.0,296.2,1595.0,31877.0
1692.0,6358.0,2387.0,819.9999999999999,2800.0,1108.7,436.95,5959.0,4666.0,5066.0,399.9,892.0,42339.0
1912.0,9530.0,3854.0,1090.0,2870.0,1416.9,445.86,9315.0,7618.0,7809.0,190.5,1506.0,15562.0
5543.0,20633.0,6723.0,1760.0000000000002,9450.0,2861.4,1245.54,20026.0,15090.0,14812.0,-277.3,5214.0,130073.0
54.0,646.0,241.0,50.0,20.0,62.1,32.39,675.0,592.0,508.0,-83.7,167.0,1405.0
67.0,597.0,216.0,40.0,60.0,35.3,24.1,587.0,530.0,457.0,-73.3,130.0,1665.0
59.0,597.0,239.0,30.0,10.0,38.4,29.22,592.0,538.0,464.0,-74.9,129.0,739.0
169.0,800.0,299.0,80.0,20.0,238.8,26.38,906.0,631.0,722.0,90.8,184.0,1596.0
1512.0,5088.0,1864.0,790.0,920.0,1158.9,369.82,4982.0,3576.0,4036.0,459.6,947.0,22224.0
2059.0,7360.0,1565.0,1240.0,2600.0,1785.2,470.71,7505.0,5301.0,6043.0,741.8,1463.0,34218.0
2160.0,8482.0,3291.0,1040.0,2310.0,1762.7,599.68,8421.0,6322.0,6747.0,424.8,1675.0,41487.0
59.0,605.0,101.0,30.0,10.0,45.7,11.5,601.0,546.0,526.0,-19.8,75.0,440.0
2702.0,11921.0,4550.0,1090.0,5830.0,1496.4,559.68,11432.0,9219.0,9635.0,415.6,1797.0,68666.0
148.0,889.0,383.0,80.0,40.0,110.0,48.53,880.0,741.0,706.0,-35.6,175.0,1881.0
8796.0,22189.0,6031.0,3090.0,4880.0,4766.5,1362.73,21062.0,13393.0,15396.0,2002.7,5666.0,94019.0
2739.0,9603.0,3827.0,1330.0,3730.0,1965.3,973.42,9283.0,6864.0,7631.0,767.1,1652.0,62032.0
1980.0,3960.0,1155.0,0.0,1789.9999999999998,388.9,158.36,2407.0,1980.0,1431.0,-549.6,976.0,25847.0
4457.0,14332.0,5507.0,1530.0,4120.0,2416.8,832.82,14301.0,9875.0,10614.0,738.9,3687.0,79854.0
60.0,814.0,263.0,40.0,10.0,39.8,24.12,803.0,754.0,507.0,-246.5,296.0,1184.0
1205.0,4581.0,1815.0,490.00000000000006,700.0,652.2,184.01,4390.0,3376.0,3576.0,200.0,815.0,19411.0
1727.0,9104.0,3796.0,1670.0,1970.0,1570.6,472.9,9417.0,7377.0,8456.0,1078.9,961.0,24483.0
110.0,928.0,257.0,90.0,270.0,97.3,51.26,943.0,818.0,785.0,-32.9,158.0,3319.0
2545.0,11089.0,3666.0,1330.0,5320.0,1745.6,830.24,10811.0,8544.0,8766.0,222.0,2045.0,71886.0
3938.0,8953.0,1698.0,560.0,2170.0,986.0,269.79,6131.0,5015.0,5362.0,346.8,770.0,29789.0
40.0,1794.0,881.0,280.0,340.0,521.4,173.9,2350.0,1754.0,1904.0,150.3,446.0,6698.0
316.0,3572.0,1223.0,440.00000000000006,290.0,96.6,184.27,3573.0,3256.0,2516.0,-740.7,1057.0,8097.0
1722.0,10265.0,3995.0,1050.0,5270.0,1456.8,495.87,10406.0,8543.0,8481.0,-62.3,1925.0,38762.0
1563.0,6987.0,2691.0,920.0,3379.9999999999995,1302.7,478.83,6922.0,5424.0,5826.0,402.8,1096.0,47841.0
1748.0,10402.0,4416.0,1160.0,3520.0000000000005,1633.4,496.47,10582.0,8654.0,9131.0,477.4,1451.0,17177.0
5012.0,21571.0,8361.0,2060.0,10930.0,4150.8,1462.28,21377.0,16559.0,17168.0,609.1,4208.0,157818.0
75.0,767.0,307.0,60.0,30.0,104.7,40.62,811.0,692.0,619.0,-72.9,192.0,1627.0
99.0,783.0,288.0,50.0,70.0,51.9,26.1,779.0,684.0,580.0,-103.5,198.0,1995.0
62.0,689.0,292.0,30.0,10.0,70.7,31.54,715.0,627.0,565.0,-62.3,150.0,937.0
174.0,955.0,364.0,80.0,20.0,231.0,30.06,1040.0,781.0,845.0,64.1,195.0,1814.0
1504.0,5395.0,2188.0,930.0,1130.0,1395.9,407.24,5563.0,3891.0,4698.0,807.1,865.0,27118.0
1816.0,7001.0,1767.0,1490.0,2650.0,1364.6,511.4,7004.0,5185.0,5635.0,450.2,1369.0,38615.0
2829.0,10459.0,3912.0,1230.0,2730.0,2574.3,662.39,10907.0,7630.0,8332.0,701.9,2576.0,47313.0
45.0,986.0,151.0,30.0,20.0,40.1,12.89,993.0,941.0,881.0,-60.0,111.0,520.0
2331.0,12930.0,5145.0,1290.0,7150.0,1255.9,638.48,12532.0,10599.0,10911.0,311.3,1621.0,78205.0
104.0,1041.0,429.0,90.0,50.0,33.9,53.58,990.0,937.0,787.0,-150.7,203.0,2296.0
6386.0,21601.0,6466.0,3329.9999999999995,5470.0,4380.6,1540.61,20787.0,15215.0,17556.0,2340.7,3231.0,106249.0
2939.0,10315.0,4097.0,1620.0,4130.0,2696.3,1144.19,10509.0,7376.0,8626.0,1250.2,1883.0,73865.0
2297.0,4594.0,1365.0,90.0,2110.0,555.9,215.67,2952.0,2297.0,1877.0,-419.4,1074.0,28390.0
4457.0,15650.0,6284.0,1840.0,4880.0,2811.5,904.56,16265.0,11193.0,14392.0,3199.1,1872.0,90147.0
82.0,891.0,317.0,50.0,10.0,70.1,23.71,891.0,809.0,602.0,-206.7,288.0,1212.0
379.0,4235.0,1708.0,560.0,770.0,73.8,194.9,4267.0,3856.0,3571.0,-284.5,695.0,21017.0
-5116.0,2922.0,4014.0,1420.0,2250.0,890.6,498.46,9407.0,8038.0,8254.0,216.0,1153.0,32541.0
134.0,944.0,292.0,100.0,300.0,104.0,58.41,946.0,810.0,789.0,-21.5,157.0,3965.0
2762.0,12430.0,4068.0,1610.0000000000002,6070.0,2358.3,909.56,12576.0,9668.0,10259.0,591.4,2317.0,85837.0
1523.0,7571.0,1628.0,720.0,2140.0,1099.4,293.08,7831.0,6048.0,6767.0,718.7,1064.0,35642.0
726.0,2718.0,994.0,310.0,410.0,572.0,181.42,2633.0,1992.0,2147.0,154.9,486.0,7755.0
238.0,3928.0,1393.0,490.00000000000006,290.0,166.2,196.73,4021.0,3690.0,2899.0,-791.6,1123.0,9124.0
2404.0,12026.0,4526.0,1210.0,5770.0,1944.0,580.79,11981.0,9622.0,10201.0,578.9,1779.0,44460.0
1818.0,7963.0,3215.0,1100.0,3900.0,1542.5,523.18,7943.0,6145.0,6788.0,643.0,1154.0,55049.0
3453.0,13467.0,5267.0,1380.0,4100.0,1926.3,527.31,13093.0,10014.0,11462.0,1447.8,1631.0,19404.0
5596.0,24851.0,9195.0,2450.0,11720.0,4953.7,1607.41,25005.0,19255.0,20846.0,1590.6,4159.0,179311.0
288.0,1096.0,384.0,70.0,10.0,167.5,41.85,1014.0,808.0,708.0,-100.0,306.0,1898.0
126.0,857.0,314.0,60.0,80.0,23.1,28.19,785.0,731.0,617.0,-113.5,168.0,2198.0
78.0,746.0,343.0,50.0,10.0,125.3,33.54,810.0,668.0,621.0,-46.9,189.0,1072.0
143.0,1017.0,353.0,100.0,30.0,184.2,32.25,1096.0,874.0,865.0,-8.8,231.0,2024.0
1890.0,6177.0,2467.0,1080.0,1340.0,1602.0,429.38,6310.0,4287.0,5117.0,830.5,1193.0,26504.0
2295.0,7864.0,1231.0,1630.0,2740.0,1464.7,510.09,7547.0,5569.0,6926.0,1357.1,622.0,44198.0
3182.0,10742.0,4324.0,1550.0,3120.0,2506.5,711.73,10964.0,7560.0,8426.0,866.0,2539.0,57516.0
58.0,1216.0,166.0,30.0,20.0,55.9,14.09,1241.0,1158.0,1119.0,-38.7,122.0,592.0
3428.0,15389.0,6210.0,1480.0,7980.0,2445.0,685.61,15402.0,11961.0,13065.0,1103.6,2337.0,89237.0
127.0,1156.0,517.0,110.0,60.0,121.7,46.25,1179.0,1029.0,907.0,-121.8,272.0,2757.0
7017.0,23046.0,7693.0,4060.0,6310.0,5956.2,1677.76,23017.0,16029.0,19208.0,3179.1,3809.0,127778.0
4922.0,13149.0,4991.0,1940.0,4260.0,3396.9,1241.53,13032.0,8227.0,10362.0,2135.2,2670.0,82075.0
2796.0,5592.0,1714.0,190.0,2530.0,690.0,255.69,3515.0,2796.0,2032.0,-764.2,1484.0,33803.0
4863.0,18704.0,6759.0,2150.0,7109.999999999999,2427.8,998.75,17745.0,13841.0,14544.0,703.2,3201.0,95782.0
79.0,916.0,334.0,60.0,10.0,121.0,28.37,972.0,837.0,665.0,-172.3,307.0,1337.0
660.0,4986.0,1892.0,640.0,880.0000000000001,142.1,201.92,5022.0,4326.0,4039.0,-287.1,984.0,22806.0
2521.0,11214.0,4375.0,1540.0,2390.0,981.4,528.07,10216.0,8693.0,8957.0,263.9,1259.0,33662.0
166.0,1274.0,350.0,120.0,370.0,124.6,66.42,1270.0,1108.0,1122.0,14.1,148.0,4921.0
3838.0,14963.0,4953.0,1880.0,6590.000000000001,3174.5,1003.28,14875.0,11125.0,12143.0,1017.8,2732.0,91188.0
1882.0,7780.0,1829.0,819.9999999999999,2370.0,1127.6,299.11,7806.0,5898.0,6617.0,719.4,1188.0,38649.0
1147.0,3317.0,1242.0,370.0,480.0,1202.2,194.82,3453.0,2170.0,2699.0,528.7,754.0,8837.0
112.0,4400.0,1623.0,590.0,370.0,443.6,221.02,4893.0,4288.0,3480.0,-808.0,1414.0,10286.0
2577.0,13190.0,4886.0,1390.0,6409.999999999999,1609.8,605.55,12601.0,10613.0,10890.0,276.8,1710.0,49484.0
2414.0,9532.0,4239.0,1290.0,4500.0,2413.9,585.03,9818.0,7118.0,8241.0,1122.9,1577.0,60062.0
3120.0,14377.0,5622.0,1660.0000000000002,4560.0,1820.6,549.09,14225.0,11257.0,11726.0,469.3,2498.0,21658.0
7602.0,27919.0,10609.0,2900.0,13719.999999999998,6442.2,1620.13,27675.0,20317.0,22897.0,2579.9,4779.0,195168.0
161.0,1024.0,416.0,80.0,40.0,187.5,45.29,1133.0,863.0,798.0,-65.3,335.0,2158.0
163.0,860.0,338.0,60.0,70.0,126.5,32.18,851.0,697.0,685.0,-11.6,166.0,2497.0
186.0,908.0,320.0,70.0,10.0,124.2,39.51,870.0,722.0,662.0,-59.9,208.0,1123.0
136.0,1129.0,370.0,110.0,30.0,203.9,35.77,1230.0,993.0,1004.0,10.9,226.0,2324.0
2497.0,7129.0,2636.0,1290.0,1420.0,1802.5,429.75,6854.0,4632.0,5537.0,904.5,1318.0,32235.0
2946.0,9297.0,2242.0,1850.0,3040.0,2477.6,557.94,9472.0,6351.0,7835.0,1483.9,1636.0,48704.0
4690.0,13094.0,4697.0,1900.0,3610.0,2552.0,771.66,12685.0,8404.0,8986.0,581.8,3699.0,64061.0
77.0,1377.0,188.0,40.0,30.0,66.9,17.05,1394.0,1300.0,1258.0,-41.4,136.0,680.0
3885.0,17472.0,6654.0,1760.0000000000002,8690.0,2121.7,738.87,17333.0,13587.0,14951.0,1363.9,2383.0,103550.0
183.0,1265.0,594.0,120.0,70.0,195.8,45.42,1350.0,1082.0,1060.0,-21.7,290.0,3298.0
8357.0,25928.0,9080.0,4690.0,7000.0,7576.0,1797.41,26626.0,17571.0,22195.0,4623.9,4431.0,137561.0
4641.0,13669.0,5180.0,2410.0,4520.0,4007.7,1364.22,13557.0,9028.0,11322.0,2294.1,2235.0,97966.0
3481.0,6962.0,2043.0,310.0,2940.0,726.4,253.39,4211.0,3481.0,2322.0,-1158.7,1889.0,41235.0
6814.0,21074.0,8927.0,2640.0,7959.999999999999,5705.6,1100.54,21958.0,14260.0,16944.0,2684.1,5014.0,114937.0
106.0,1030.0,332.0,70.0,10.0,55.4,59.26,1004.0,924.0,747.0,-177.1,257.0,1515.0
761.0,5268.0,2151.0,520.0,980.0,338.2,228.0,5204.0,4507.0,4416.0,-90.2,788.0,25558.0
6772.0,16044.0,5354.0,1870.0,2670.0,2378.9,557.82,12171.0,9272.0,10623.0,1350.5,1549.0,39033.0
366.0,1513.0,415.0,140.0,360.0,269.1,71.5,1458.0,1147.0,1288.0,140.8,170.0,6075.0
6212.0,18955.0,6609.0,2260.0,7620.0,5619.0,1098.62,19172.0,12743.0,15606.0,2863.4,3566.0,105305.0
3030.0,8509.0,2474.0,1000.0,3120.0,2240.4,334.95,8581.0,5479.0,7019.0,1540.2,1562.0,43646.0
768.0,3080.0,1553.0,500.0,570.0,1661.5,219.0,4167.0,2312.0,3334.0,1022.3,833.0,10696.0
1261.0,5770.0,1496.0,670.0,440.00000000000006,1054.4,250.77,5849.0,4509.0,4909.0,400.2,940.0,11415.0
3676.0,14906.0,5851.0,1620.0,6940.000000000001,3112.1,652.19,14886.0,11230.0,12446.0,1215.2,2440.0,56204.0
3047.0,10245.0,4660.0,1450.0,4650.0,3012.2,670.08,10611.0,7198.0,9228.0,2030.0,1383.0,69216.0
4244.0,15590.0,6887.0,1830.0,5110.0,4126.7,603.12,15968.0,11346.0,14218.0,2871.8,1751.0,24061.0
9335.0,31072.0,11407.0,3670.0000000000014,14200.0,7462.4,1866.74,30317.0,21737.0,25663.0,3925.9,4654.0,209699.0
159.0,1056.0,391.0,90.0,30.0,106.2,48.83,1116.0,897.0,789.0,-108.1,327.0,2430.0
248.0,1081.0,390.0,70.0,90.0,147.3,37.0,1008.0,833.0,815.0,-17.3,192.0,2939.0
92.0,827.0,379.0,70.0,10.0,132.3,41.47,893.0,735.0,691.0,-44.1,202.0,1246.0
395.0,1431.0,415.0,140.0,40.0,243.2,41.85,1491.0,1036.0,1049.0,13.4,441.0,2385.0
3570.0,8124.0,3246.0,1490.0,1490.0,2915.5,439.01,8642.0,4554.0,6819.0,2264.8,1823.0,35581.0
4431.0,10187.0,3054.0,2320.0,3260.0,3779.3,615.29,10963.0,5756.0,8384.0,2628.7,2578.0,55736.0
4638.0,13217.0,5953.0,2240.0,3940.0,5150.9,842.35,14314.0,8579.0,11576.0,2996.3,2739.0,73180.0
194.0,1635.0,254.0,50.0,30.0,146.9,20.18,1621.0,1441.0,1496.0,54.9,126.0,787.0
4591.0,18852.0,8153.0,2120.0,9630.0,4777.1,861.54,19880.0,14261.0,17697.0,3436.6,2182.0,118209.0
292.0,1560.0,673.0,140.0,80.0,118.4,47.1,1531.0,1268.0,1176.0,-92.7,355.0,3814.0
12655.0,30034.0,10477.0,5520.0,7909.999999999999,11632.5,1927.67,31462.0,17379.0,26075.0,8696.2,5388.0,153853.0
7706.0,17093.0,6626.0,2950.0,4780.0,7109.1,1504.34,17153.0,9387.0,14243.0,4856.2,2910.0,115516.0
3660.0,7320.0,2245.0,430.0,3090.0,959.2,253.82,4943.0,3660.0,2840.0,-820.0,2103.0,47484.0
6221.0,23026.0,8831.0,3100.0,9010.0,4976.4,1236.8,22767.0,16805.0,18038.0,1233.3,4729.0,128797.0
32.0,1052.0,372.0,80.0,10.0,59.3,31.6,1098.0,1020.0,821.0,-199.0,277.0,1612.0
1744.0,6585.0,2640.0,960.0,1230.0,1605.8,256.1,7086.0,4841.0,5846.0,1004.7,1240.0,34833.0
5993.0,18572.0,8338.0,2860.0,3640.0,6107.7,595.1,19548.0,12579.0,16128.0,3549.7,3420.0,50174.0
343.0,1571.0,470.0,180.0,460.0,341.0,84.3,1614.0,1228.0,1437.0,208.9,178.0,6330.0
7385.0,21285.0,7571.0,2810.0,8159.999999999999,6792.0,1234.7,21466.0,13900.0,17517.0,3616.8,3948.0,109861.0
2558.0,8325.0,2572.0,1360.0,3520.0000000000005,2132.5,410.2,8359.0,5767.0,6952.0,1185.3,1407.0,51375.0
2524.0,6239.0,1701.0,600.0,620.0,189.6,237.7,4714.0,3715.0,3822.0,106.3,892.0,14112.0
1716.0,7230.0,1726.0,840.0,580.0,1338.6,301.2,7108.0,5514.0,6055.0,541.6,1053.0,15660.0
4951.0,17858.0,6803.0,2010.0,7740.000000000001,4276.5,845.3,17818.0,12907.0,15232.0,2325.3,2587.0,69168.0
4939.0,12881.0,5432.0,1950.0,5190.0,4536.6,754.5,12900.0,7942.0,11566.0,3624.2,1334.0,80132.0
4832.0,18036.0,7417.0,2140.0,5800.0,3911.4,679.2,17957.0,13204.0,16136.0,2932.3,1822.0,27249.0
11187.0,36457.0,12844.0,4880.0,17270.0,11706.2,2034.4,38244.0,25270.0,29538.0,4268.8,8705.0,247830.0
552.0,1622.0,605.0,130.0,40.0,655.8,55.8,1780.0,1070.0,1357.0,287.1,423.0,3260.0
262.0,1206.0,502.0,100.0,100.0,209.1,39.4,1195.0,944.0,928.0,-15.9,268.0,3578.0
307.0,1261.0,506.0,90.0,10.0,179.1,37.8,1161.0,954.0,894.0,-59.3,266.0,1550.0
395.0,1539.0,479.0,160.0,40.0,249.0,55.0,1495.0,1144.0,1180.0,36.3,315.0,2802.0
4423.0,10308.0,4889.0,1240.0,1700.0,3746.1,457.2,10120.0,5885.0,8459.0,2573.9,1661.0,42986.0
5140.0,12608.0,2724.0,2640.0,3950.0,3194.7,677.8,11980.0,7468.0,10195.0,2727.4,1784.0,67162.0
6917.0,16707.0,6377.0,2830.0,4530.0,5361.2,917.5,16256.0,9790.0,13430.0,3639.9,2827.0,82720.0
191.0,1703.0,245.0,70.0,30.0,92.6,24.8,1620.0,1512.0,1510.0,-1.9,110.0,896.0
5944.0,22272.0,8862.0,2710.0,10920.0,5382.3,1017.1,22627.0,16328.0,20728.0,4400.3,1899.0,134185.0
461.0,1900.0,776.0,190.0,100.0,290.3,54.5,1773.0,1439.0,1461.0,22.6,312.0,4867.0
11574.0,33069.0,11669.0,6550.0,9400.0,11098.7,2064.3,34615.0,21495.0,28748.0,7252.6,5868.0,175159.0
11335.0,21546.0,9338.0,4170.0,5100.0,11666.4,1755.1,22677.0,10211.0,19498.0,9287.3,3179.0,135376.0
4274.0,8548.0,2461.0,530.0,3429.9999999999995,1381.6,265.4,5912.0,4274.0,3523.0,-751.3,2389.0,55220.0
8310.0,27785.0,10006.0,3790.0,10550.0,7305.9,1395.1,28119.0,19475.0,23070.0,3595.1,5049.0,144723.0
217.0,1177.0,325.0,120.0,20.0,210.1,35.1,1206.0,960.0,909.0,-51.9,298.0,1787.0
1871.0,7509.0,3077.0,869.9999999999999,1410.0,1540.0,264.6,7631.0,5638.0,6417.0,779.5,1214.0,36814.0
6112.0,17497.0,7408.0,2370.0,2940.0,4884.3,635.8,16946.0,11385.0,14345.0,2960.7,2601.0,57242.0
259.0,2142.0,968.0,290.0,750.0,-47.5,170.4,1917.0,1883.0,1612.0,-271.1,305.0,32093.0
436.0,1919.0,518.0,210.0,520.0,412.9,95.6,1962.0,1483.0,1709.0,226.0,253.0,6757.0
11181.0,26920.0,9681.0,3130.0,9050.0,7987.6,1430.2,27175.0,15739.0,22041.0,6302.2,5134.0,111139.0
2542.0,9116.0,3387.0,1490.0,4310.0,2265.2,463.0,9159.0,6574.0,7181.0,607.5,1978.0,58183.0
2349.0,5395.0,1963.0,800.0,730.0,1844.8,264.2,5315.0,3046.0,4376.0,1330.6,939.0,15661.0
1911.0,7338.0,2044.0,840.0,750.0,2166.4,321.5,7829.0,5427.0,6685.0,1258.6,1144.0,16700.0
4972.0,19795.0,7541.0,2390.0,9040.0,4219.2,934.5,19664.0,14823.0,16685.0,1862.2,2979.0,72659.0
3998.0,12729.0,5242.0,2260.0,5870.0,3877.8,839.6,13149.0,8731.0,11878.0,3147.1,1271.0,79203.0
3627.0,17294.0,7153.0,2410.0,5640.0,2712.1,755.4,16924.0,13667.0,14986.0,1319.3,1938.0,25846.0
12913.0,42480.0,15429.0,5230.0,19720.0,8975.8,2306.3,42208.0,29567.0,37401.0,7834.0,4807.0,252283.0
199.0,1244.0,449.0,180.0,50.0,234.4,62.2,1381.0,1045.0,1131.0,86.3,250.0,3112.0
326.0,1458.0,578.0,110.0,120.0,249.6,43.4,1424.0,1132.0,1080.0,-52.7,344.0,3961.0
303.0,1131.0,505.0,100.0,10.0,375.3,46.6,1288.0,828.0,1022.0,193.4,266.0,1737.0
266.0,1686.0,585.0,190.0,60.0,358.8,59.0,1835.0,1420.0,1420.0,0.4,415.0,3399.0
3703.0,10605.0,4065.0,2290.0,2180.0,3325.3,470.3,11047.0,6902.0,8829.0,1926.8,2219.0,43351.0
5000.0,14377.0,3887.0,2340.0,4900.0,3903.8,747.8,14111.0,9377.0,11713.0,2336.0,2398.0,74677.0
5469.0,17871.0,7224.0,3340.0,5300.0,4313.2,994.8,17494.0,12402.0,15035.0,2633.6,2459.0,82435.0
95.0,958.0,259.0,80.0,70.0,50.5,24.5,947.0,863.0,763.0,-99.3,184.0,1014.0
6431.0,24748.0,9618.0,3120.0,12280.0,5076.0,1144.7,24437.0,18317.0,21752.0,3435.8,2685.0,146796.0
447.0,2085.0,896.0,230.0,130.0,445.2,60.9,2135.0,1638.0,1734.0,96.0,401.0,5499.0
14076.0,38819.0,12135.0,7450.0,10980.0,10179.5,2299.3,36681.0,24743.0,31033.0,6289.3,5649.0,181512.0
465.0,1389.0,355.0,100.0,300.0,136.4,212.9,1110.0,924.0,914.0,-10.6,197.0,14501.0
12226.0,26748.0,9623.0,5250.0,5920.0,10920.2,1929.2,26741.0,14522.0,22104.0,7581.3,4637.0,143725.0
5444.0,10888.0,3000.0,720.0,4400.0,1609.7,301.4,7362.0,5444.0,3697.0,-1747.5,3666.0,60125.0
9732.0,31577.0,10876.0,4580.0,12560.0,6723.1,1505.5,31074.0,21845.0,24726.0,2881.3,6348.0,156711.0
177.0,1235.0,449.0,110.0,30.0,274.7,39.5,1381.0,1058.0,1030.0,-28.0,351.0,2104.0
1997.0,7962.0,3035.0,1060.0,1570.0,1448.1,279.4,8550.0,5965.0,6846.0,881.4,1704.0,38313.0
4902.0,15121.0,5783.0,2750.0,2440.0,4010.3,679.6,14869.0,10219.0,12560.0,2341.9,2309.0,57657.0
1325.0,5701.0,2435.0,700.0,1990.0,1060.7,179.4,5624.0,4376.0,4914.0,538.4,710.0,35069.0
447.0,2320.0,543.0,260.0,570.0,412.8,99.5,2353.0,1873.0,2101.0,228.5,252.0,7097.0
9570.0,25556.0,9029.0,4210.0,9250.0,6510.8,1513.1,25651.0,15986.0,22718.0,6731.5,2933.0,123573.0
2817.0,10418.0,3675.0,1630.0,4970.0,2739.6,566.9,10728.0,7601.0,8657.0,1056.0,2072.0,65505.0
1551.0,5267.0,1912.0,1040.0,920.0,1511.3,282.3,5670.0,3716.0,4576.0,860.5,1093.0,17148.0
892.0,7750.0,2321.0,1090.0,860.0,748.1,367.0,8050.0,6858.0,6123.0,-735.5,1927.0,18039.0
6620.0,21941.0,7642.0,2680.0,9850.0,5869.9,1060.9,21938.0,15321.0,18606.0,3284.5,3332.0,77924.0
4298.0,13354.0,4932.0,2490.0,5920.0,3269.4,948.2,13132.0,9056.0,11662.0,2605.6,1470.0,86745.0
6314.0,17515.0,6007.0,2250.0,4700.0,3649.4,809.8,16960.0,11201.0,14369.0,3167.8,2591.0,29539.0
11499.0,41592.0,15452.0,6430.0,21290.0,10897.7,2458.0,42480.0,30093.0,38282.0,8188.6,4198.0,273188.0
825.0,2002.0,550.0,190.0,50.0,340.3,65.0,2117.0,1177.0,1338.0,161.2,779.0,3369.0
165.0,1288.0,565.0,130.0,140.0,220.9,53.7,1395.0,1123.0,1157.0,33.6,238.0,4478.0
410.0,1278.0,542.0,150.0,20.0,422.4,49.2,1334.0,868.0,1128.0,260.4,205.0,1947.0
428.0,1924.0,544.0,220.00000000000003,50.0,366.1,67.5,2019.0,1496.0,1451.0,-44.9,568.0,3972.0
4588.0,11636.0,4122.0,2840.0,2470.0,3964.2,478.5,12065.0,7048.0,9878.0,2829.6,2187.0,46756.0
6537.0,15466.0,3730.0,3180.0,4820.0,4958.0,828.6,15692.0,8929.0,12710.0,3781.2,2982.0,79611.0
6236.0,18389.0,7730.0,3880.0,5670.0,5748.4,1066.1,18995.0,12153.0,15949.0,3795.7,3046.0,91771.0
143.0,1950.0,314.0,80.0,80.0,66.8,27.9,1909.0,1807.0,1664.0,-142.9,245.0,1136.0
5998.0,24816.0,9190.0,3510.0,13010.0,4739.4,1306.3,24818.0,18818.0,21557.0,2738.9,3261.0,148861.0
437.0,2304.0,968.0,250.0,160.0,538.2,65.6,2466.0,1867.0,1813.0,-54.4,653.0,6370.0
11985.0,37583.0,12279.0,8220.0,10330.0,9898.1,2443.7,38104.0,25598.0,31780.0,6181.8,6324.0,190269.0
1546.0,4279.0,1320.0,500.0,890.0,424.2,248.5,3298.0,2733.0,2833.0,99.6,465.0,15826.0
12714.0,27252.0,9581.0,6380.0,6509.999999999999,11804.1,2136.2,28079.0,14538.0,23395.0,8856.1,4684.0,157144.0
6254.0,12508.0,2989.0,910.0,4900.0,1733.0,296.1,8631.0,6254.0,5044.0,-1209.6,3587.0,65027.0
11253.0,34256.0,11179.0,6130.0,12620.0,7630.0,1742.6,34373.0,23003.0,26057.0,3054.0,8316.0,167096.0
343.0,1451.0,421.0,130.0,40.0,210.0,42.7,1363.0,1108.0,1031.0,-77.0,332.0,2071.0
2829.0,9622.0,3233.0,1240.0,1940.0,930.0,296.5,8936.0,6793.0,7113.0,319.0,1824.0,43407.0
5154.0,16723.0,6466.0,3220.0000000000005,2760.0,4910.0,776.5,17752.0,11569.0,14025.0,2457.0,3727.0,64965.0
1867.0,7284.0,2820.0,810.0,2330.0,970.0,214.7,6822.0,5417.0,5530.0,113.0,1292.0,37967.0
531.0,2364.0,626.0,290.0,600.0,380.0,112.5,2401.0,1833.0,2000.0,167.0,401.0,8100.0
10388.0,28263.0,8177.0,4950.0,9520.0,6080.0,1693.2,26921.0,17875.0,21440.0,3565.0,5481.0,141534.0
2414.0,11071.0,2810.0,1950.0,5550.0,1470.0,675.7,10582.0,8657.0,9342.0,685.0,1240.0,72528.0
3074.0,6733.0,1973.0,1170.0,890.0,2340.0,294.3,6616.0,3659.0,5141.0,1482.0,1475.0,18905.0
1135.0,8200.0,2518.0,1160.0,980.0,1250.0,405.2,8738.0,7065.0,6413.0,-652.0,2325.0,20326.0
1816.0,9222.0,4904.0,950.0,2280.0,2190.0,350.6,9809.0,7406.0,7737.0,331.0,2072.0,120889.0
7425.0,23594.0,7570.0,3290.0,10440.0,5280.0,1126.7,24074.0,16169.0,18814.0,2646.0,5260.0,86895.0
6123.0,16757.0,6338.0,2950.0,7300.0,4990.0,1099.7,16967.0,10634.0,14756.0,4122.0,2211.0,86832.0
5175.0,18565.0,7158.0,2500.0,6170.0,4060.0,894.7,18989.0,13390.0,14560.0,1169.0,4429.0,32493.0
16701.0,47804.0,15704.0,7130.0,22810.0,14290.0,2820.1,47217.0,31103.0,40474.0,9371.0,6743.0,299479.0
1100.0,2428.0,562.0,250.0,70.0,250.0,68.2,2157.0,1328.0,1415.0,87.0,742.0,3506.0
384.0,1673.0,570.0,150.0,150.0,160.0,52.6,1589.0,1289.0,1205.0,-84.0,384.0,4763.0
439.0,1461.0,562.0,130.0,30.0,320.0,55.2,1405.0,1022.0,1131.0,109.0,274.0,2166.0
839.0,2238.0,567.0,210.0,60.0,440.00000000000006,74.4,1917.0,1399.0,1506.0,107.0,411.0,4467.0
5448.0,13887.0,4210.0,2890.0,2870.0,2820.0,491.8,13267.0,8439.0,10015.0,1576.0,3252.0,49713.0
6493.0,17564.0,2990.0,3429.9999999999995,5710.0,4400.0,922.8,17337.0,11071.0,14825.0,3754.0,2511.0,82249.0
9089.0,22171.0,8032.0,4300.0,6250.0,6110.0,1186.3,21542.0,13082.0,17016.0,3934.0,4526.0,88550.0
112.0,2193.0,348.0,90.0,110.0,10.0,29.9,2132.0,2081.0,1883.0,-198.0,249.0,1276.0
8278.0,29115.0,9662.0,4130.0,14340.0,6740.000000000001,1528.1,30156.0,20837.0,25688.0,4851.0,4469.0,158155.0
618.0,2498.0,974.0,290.0,180.0,540.0,76.7,2537.0,1880.0,1961.0,81.0,576.0,6733.0
14610.0,42431.0,13103.0,7059.999999999999,12770.0,9500.0,2440.9,42086.0,27821.0,32939.0,5117.0,9148.0,206855.0
1983.0,5201.0,1708.0,550.0,1020.0,890.0,268.7,4848.0,3218.0,3676.0,457.0,1173.0,18473.0
15244.0,29769.0,8463.0,7670.0,7050.0,10570.0,2361.1,27716.0,14525.0,23161.0,8635.0,4555.0,168000.0
6666.0,13332.0,3492.0,1120.0,5320.0,2400.0,292.4,10214.0,6666.0,4598.0,-2068.0,5615.0,71361.0
14244.0,41113.0,13367.0,6859.999999999999,13810.0,7450.0,1962.0,40120.0,26869.0,29830.0,2962.0,10290.0,190017.0
326.0,1902.0,620.0,140.0,40.0,250.0,47.1,2192.0,1576.0,1392.0,-184.0,800.0,2368.0
3139.0,10904.0,3709.0,1450.0,2070.0,1390.0,309.7,10596.0,7765.0,8450.0,685.0,2146.0,47305.0
5428.0,18953.0,7023.0,3320.0000000000005,3360.0,4110.0,886.2,19134.0,13525.0,14632.0,1107.0,4501.0,66174.0
2634.0,8593.0,3244.0,1050.0,2590.0,2200.0,260.8,8951.0,5959.0,6600.0,641.0,2351.0,42449.0
798.0,2421.0,686.0,320.0,710.0,450.0,132.8,2416.0,1623.0,1764.0,140.0,653.0,9301.0
14938.0,33186.0,8992.0,5800.0,11170.0,9160.0,1885.2,32986.0,18248.0,21954.0,3707.0,11032.0,168080.0
5772.0,15615.0,2818.0,2110.0,6350.0,2930.0,796.1,15122.0,9843.0,10117.0,274.0,5005.0,82862.0
4162.0,8143.0,2348.0,1470.0,980.0,2380.0,338.8,8096.0,3981.0,5588.0,1607.0,2508.0,20721.0
348.0,8854.0,2493.0,1100.0,1150.0,-20.0,448.2,8817.0,8506.0,6596.0,-1910.0,2221.0,22194.0
1790.0,9233.0,4320.0,990.0,2280.0,1660.0000000000002,378.4,9738.0,7443.0,7302.0,-142.0,2436.0,130990.0
8358.0,29118.0,8315.0,3710.0,12570.0,4500.0,1389.8,29267.0,20760.0,21285.0,525.0,7982.0,96698.0
7713.0,19528.0,5924.0,3329.9999999999995,8090.000000000001,5540.0,1256.8,19769.0,11815.0,15496.0,3680.0,4273.0,102839.0
9555.0,23844.0,6787.0,3210.0,6790.000000000001,7320.0,963.6,23923.0,14289.0,18765.0,4476.0,5158.0,38802.0
27273.0,61644.0,18877.0,8330.0,25160.0,17930.0,3093.3,61034.0,34371.0,42680.0,8310.0,18354.0,340600.0
714.0,2134.0,603.0,210.0,70.0,290.0,70.9,2320.0,1420.0,1463.0,44.0,857.0,3979.0
255.0,1654.0,640.0,170.0,180.0,200.0,65.9,1770.0,1399.0,1314.0,-85.0,456.0,5280.0
583.0,1954.0,652.0,170.0,30.0,310.0,62.2,1826.0,1371.0,1288.0,-83.0,538.0,2325.0
-370.0,1990.0,644.0,240.0,70.0,-160.0,83.5,2384.0,2360.0,1813.0,-547.0,571.0,4812.0
6476.0,15916.0,4360.0,2860.0,3300.0,3570.0000000000005,504.7,15565.0,9440.0,10861.0,1421.0,4704.0,61008.0
7848.0,19987.0,3525.0,3710.0,6150.0,4880.0,1023.0,20335.0,12139.0,15702.0,3563.0,4633.0,90089.0
10800.0,26224.0,9228.0,4780.0,7250.0,7370.0,1281.9,25869.0,15424.0,18848.0,3424.0,7021.0,111606.0
115.0,1456.0,406.0,90.0,110.0,50.0,33.4,1477.0,1341.0,1181.0,-160.0,296.0,1430.0
11208.0,34914.0,11586.0,4700.0,15940.0,5590.0,1795.7,33765.0,23706.0,25271.0,1565.0,8494.0,175371.0
499.0,2667.0,963.0,330.0,220.00000000000003,340.0,87.4,2764.0,2168.0,2062.0,-106.0,702.0,7551.0
37639.0,69277.0,12999.0,10120.0,13600.0,16650.0,2662.4,69441.0,31638.0,50221.0,18583.0,19220.0,226972.0
2404.0,6004.0,2027.0,600.0,1230.0,1410.0,303.1,6206.0,3600.0,4362.0,761.0,1845.0,20439.0
20995.0,37604.0,9008.0,9210.0,8770.0,12869.999999999998,2590.1,38421.0,16609.0,25757.0,9149.0,12664.0,189259.0
7349.0,14698.0,3465.0,1370.0,5880.0,2440.0,325.3,11720.0,7349.0,5087.0,-2261.0,6633.0,79468.0
19377.0,48127.0,13821.0,7090.000000000001,16250.0,8190.000000000001,1226.1,47153.0,28750.0,31307.0,2558.0,15845.0,134767.0
290.0,1792.0,650.0,150.0,50.0,390.0,61.6,2085.0,1502.0,1510.0,8.0,576.0,3488.0
4497.0,14434.0,4775.0,1400.0,2710.0,2060.0,354.6,14745.0,9937.0,10229.0,292.0,4516.0,53398.0
6210.0,21924.0,6117.0,3470.0000000000005,3340.0,1240.0,994.0,20055.0,15714.0,14638.0,-1076.0,5416.0,77781.0
2473.0,9722.0,3635.0,1150.0,3229.9999999999995,1230.0,310.9,9647.0,7249.0,7103.0,-146.0,2544.0,47862.0
866.0,2686.0,798.0,320.0,860.0,550.0,140.9,2541.0,1820.0,1943.0,123.0,598.0,12713.0
14695.0,34960.0,10127.0,6080.0,12960.0,8700.0,2025.1,34900.0,20265.0,24302.0,4037.0,10598.0,203373.0
4437.0,15586.0,3497.0,2240.0,7440.000000000001,1210.0,926.7,14442.0,11149.0,11407.0,258.0,3035.0,95795.0
3702.0,8337.0,2328.0,1639.9999999999998,1250.0,1810.0,381.8,8034.0,4635.0,5793.0,1158.0,2242.0,24077.0
1399.0,11164.0,3104.0,1180.0,1400.0,1010.0,482.2,11127.0,9765.0,8188.0,-1577.0,2939.0,27305.0
3623.0,10930.0,5127.0,770.0,2400.0,3650.0,437.4,11635.0,7307.0,8419.0,1111.0,3217.0,59758.0
9420.0,35990.0,9764.0,3790.0,16069.999999999998,3600.0,1583.7,34246.0,26570.0,24932.0,-1638.0,9315.0,166747.0
7240.0,20740.0,7344.0,3610.0,8960.0,4450.0,1435.6,20276.0,13500.0,17169.0,3669.0,3106.0,119264.0
10097.0,29840.0,7268.0,3660.0,7770.0,6490.000000000001,1087.5,29413.0,19743.0,18026.0,-1717.0,11386.0,112927.0
31061.0,72074.0,20433.0,8980.0,30610.000000000004,18620.0,3218.1,72668.0,41013.0,51047.0,10033.0,21622.0,415480.0
1189.0,2932.0,873.0,270.0,80.0,450.0,73.9,2600.0,1743.0,1651.0,-92.0,949.0,5133.0
469.0,2015.0,741.0,180.0,210.0,310.0,69.1,2070.0,1546.0,1596.0,50.0,474.0,6559.0
375.0,1877.0,647.0,180.0,40.0,230.0,70.1,1817.0,1502.0,1394.0,-107.0,423.0,2682.0
409.0,2249.0,629.0,250.0,80.0,220.00000000000003,79.5,2276.0,1840.0,1685.0,-155.0,591.0,5839.0
4717.0,16567.0,4598.0,3329.9999999999995,4180.0,1370.0,508.8,15886.0,11850.0,12372.0,522.0,3513.0,77729.0
7535.0,21342.0,3747.0,3980.0,6950.0,4040.0,1123.9,20994.0,13807.0,17198.0,3391.0,3796.0,96839.0
11769.0,29533.0,9845.0,5170.0,8420.0,6150.0,1480.9,28907.0,17764.0,19906.0,2143.0,9001.0,127746.0
353.0,2245.0,479.0,100.0,120.0,190.0,35.0,2161.0,1892.0,1723.0,-169.0,438.0,1739.0
14042.0,42494.0,13617.0,4760.0,19360.0,5570.0,1856.1,41780.0,28452.0,29155.0,703.0,12625.0,219003.0
750.0,3327.0,1121.0,360.0,240.0,240.0,93.3,2984.0,2577.0,2183.0,-394.0,802.0,8904.0
21774.0,59391.0,16932.0,11870.0,15690.0,13000.0,3140.7,59124.0,37617.0,44610.0,6993.0,14514.0,260841.0
2231.0,6317.0,2327.0,819.9999999999999,1440.0,2170.0,340.4,6366.0,4086.0,5036.0,950.0,1330.0,24786.0
15150.0,35068.0,9732.0,9620.0,9920.0,10650.0,2773.2,33494.0,19918.0,28146.0,8228.0,5348.0,208656.0
8563.0,17126.0,4267.0,1570.0,7109.999999999999,1480.0,325.0,12875.0,8563.0,5827.0,-2735.0,7047.0,100325.0
13454.0,48305.0,14900.0,7009.999999999999,19210.0,8300.0,1405.1,48306.0,34851.0,34915.0,64.0,13391.0,147606.0
732.0,2581.0,742.0,160.0,60.0,260.0,50.9,2437.0,1849.0,1668.0,-182.0,769.0,3755.0
1624.0,13669.0,4452.0,1510.0,3229.9999999999995,-360.0,412.3,12088.0,12045.0,10536.0,-1509.0,1551.0,59385.0
5034.0,22871.0,8663.0,3650.0,3560.0,3700.0,1154.8,22568.0,17837.0,17756.0,-81.0,4812.0,82490.0
1451.0,10290.0,4295.0,960.0,4050.0,430.0,381.5,9725.0,8839.0,7457.0,-1381.0,2268.0,53381.0
836.0,3005.0,880.0,400.0,1100.0,600.0,159.2,2849.0,2169.0,2191.0,22.0,658.0,14327.0
12363.0,37430.0,10995.0,6140.0,15700.0,6270.0,2235.6,34235.0,25067.0,25465.0,399.0,8769.0,244736.0
2674.0,16527.0,4742.0,2100.0,9080.0,290.0,1255.2,14830.0,13853.0,12640.0,-1213.0,2190.0,108885.0
2350.0,8909.0,2804.0,1560.0,1500.0,720.0,416.7,8587.0,6559.0,6466.0,-92.0,2120.0,27127.0
1927.0,13467.0,4030.0,1300.0,1689.9999999999998,1590.0,557.2,13467.0,11540.0,9724.0,-1816.0,3743.0,29920.0
2334.0,10537.0,6156.0,720.0,2890.0,4920.0,570.4,13417.0,8203.0,9756.0,1553.0,3661.0,60901.0
6825.0,37177.0,11675.0,3760.0,18630.0,3690.0,1738.1,34973.0,30352.0,28041.0,-2311.0,6932.0,195904.0
6364.0,21659.0,7524.0,3800.0,9780.0,4180.0,1599.6,21115.0,15295.0,18424.0,3129.0,2691.0,136842.0
8843.0,29440.0,9425.0,3420.0000000000005,9120.0,4570.0,1242.0,28975.0,20597.0,20563.0,-33.0,8412.0,124276.0
22653.0,71091.0,24268.0,9350.0,33540.0,17630.0,3532.9,68677.0,48438.0,52280.0,3842.0,16397.0,486766.0
629.0,3038.0,939.0,240.0,90.0,270.0,80.5,2743.0,2409.0,2005.0,-404.0,738.0,5718.0
462.0,2209.0,767.0,190.0,250.0,180.0,76.3,2008.0,1747.0,1674.0,-72.0,333.0,7265.0
527.0,2181.0,722.0,180.0,60.0,400.0,73.8,2172.0,1654.0,1588.0,-66.0,584.0,2971.0
440.0,2707.0,804.0,250.0,110.0,310.0,78.3,2809.0,2267.0,2061.0,-207.0,748.0,6588.0
3980.0,18065.0,5386.0,3700.0,5000.0,280.0,561.7,15746.0,14085.0,13604.0,-481.0,2143.0,85096.0
5085.0,22051.0,4052.0,3710.0,8990.0,2660.0,1346.2,20453.0,16966.0,18208.0,1242.0,2244.0,108637.0
7462.0,28301.0,10920.0,5210.0,9880.0,5150.0,2098.1,27220.0,20839.0,21499.0,660.0,5721.0,142236.0
119.0,2083.0,501.0,100.0,150.0,150.0,39.9,2146.0,1964.0,1768.0,-197.0,378.0,1993.0
11298.0,45258.0,14297.0,4560.0,23330.0,2250.0,2167.7,38744.0,33960.0,32009.0,-1951.0,6736.0,257833.0
435.0,3459.0,1121.0,370.0,300.0,110.0,105.8,3301.0,3024.0,2392.0,-633.0,910.0,9826.0
22914.0,68263.0,20141.0,9100.0,18860.0,10080.0,4067.4,59839.0,45349.0,46617.0,1268.0,13222.0,293172.0
2445.0,7982.0,2781.0,810.0,1789.9999999999998,1880.0,390.1,7664.0,5537.0,5611.0,74.0,2053.0,29968.0
19349.0,43075.0,11445.0,9750.0,10390.0,9600.0,3056.2,40587.0,23726.0,31117.0,7391.0,9471.0,230245.0
10844.0,21688.0,4566.0,1670.0,8940.0,-250.0,353.0,11142.0,10844.0,6515.0,-4328.0,4626.0,115374.0
1802.0,3604.0,797.0,170.0,480.0,280.0,76.0,2173.0,1802.0,1794.0,-7.0,379.0,7977.0
